{
	"time": {
		"hedge": {"starttime": "09:20", "sltime": "00:00:00","exittime": "15:24"},
		"leg1": {"starttime": "09:24", "sltime": "09:24:10", "exittime": "12:30"},
		"leg2": {"starttime": "12:40", "sltime": "12:40:10", "exittime": "14:56"},
		"leg3": {"starttime": "15:00", "sltime": "15:00:10", "exittime": "15:23"}
	},
	"pct": {
		"leg1": {"Friday": 10, "Monday": 20, "Tuesday": 20, "Wednesday": 20, "Thursday": 70},
		"leg2": {"Friday": 20, "Monday": 30, "Tuesday": 30, "Wednesday": 40, "Thursday": 80},
		"leg3": {"Friday": 10, "Monday": 10, "Tuesday": 10, "Wednesday": 10, "Thursday": 80}
	}
}
